policy,base_price,proposed_price,price_delta,price_delta_pct,acceptance_probability,expected_revenue
Historical,284.25727302188227,284.25727302188227,0.0,0.0,0.5,142.12863651094113
Historical,173.87475274940766,173.87475274940766,0.0,0.0,0.5,86.93737637470383
Historical,329.7954689622466,329.7954689622466,0.0,0.0,0.5,164.8977344811233
Historical,470.2012317513198,470.2012317513198,0.0,0.0,0.5,235.1006158756599
Historical,579.6814223640141,579.6814223640141,0.0,0.0,0.5,289.84071118200706
Historical,339.9553606047221,339.9553606047221,0.0,0.0,0.5,169.97768030236105
Historical,104.06154127359152,104.06154127359152,0.0,0.0,0.5,52.03077063679576
Historical,235.81186355604996,235.81186355604996,0.0,0.0,0.5,117.90593177802498
Historical,501.4125174833056,501.4125174833056,0.0,0.0,0.5,250.7062587416528
Historical,398.99336457061025,398.99336457061025,0.0,0.0,0.5,199.49668228530513
Historical,669.2986264658781,669.2986264658781,0.0,0.0,0.5,334.64931323293905
Historical,414.9901047325251,414.9901047325251,0.0,0.0,0.5,207.49505236626254
Historical,490.41072171830416,490.41072171830416,0.0,0.0,0.5,245.20536085915208
Historical,296.24287599192223,296.24287599192223,0.0,0.0,0.5,148.12143799596112
Historical,327.0888648717375,327.0888648717375,0.0,0.0,0.5,163.54443243586874
Historical,445.1368684239125,445.1368684239125,0.0,0.0,0.5,222.56843421195626
Historical,244.5361718306458,244.5361718306458,0.0,0.0,0.5,122.2680859153229
Historical,47.31430863361691,47.31430863361691,0.0,0.0,0.5,23.657154316808455
Historical,129.8082629093964,129.8082629093964,0.0,0.0,0.5,64.9041314546982
Historical,382.9481103198511,382.9481103198511,0.0,0.0,0.5,191.47405515992554
Historical,82.77279318243978,82.77279318243978,0.0,0.0,0.5,41.38639659121989
Historical,64.07117255500656,64.07117255500656,0.0,0.0,0.5,32.03558627750328
Historical,390.6687658288554,390.6687658288554,0.0,0.0,0.5,195.3343829144277
Historical,212.16652497375455,212.16652497375455,0.0,0.0,0.5,106.08326248687727
Historical,235.65813370551408,235.65813370551408,0.0,0.0,0.5,117.82906685275704
Historical,406.5574980533908,406.5574980533908,0.0,0.0,0.5,203.2787490266954
Historical,182.4744270596517,182.4744270596517,0.0,0.0,0.5,91.23721352982585
Historical,652.617297300081,652.617297300081,0.0,0.0,0.5,326.3086486500405
Historical,403.22709836941993,403.22709836941993,0.0,0.0,0.5,201.61354918470997
Historical,537.7848594528473,537.7848594528473,0.0,0.0,0.5,268.89242972642364
Historical,286.13145256368455,286.13145256368455,0.0,0.0,0.5,143.06572628184227
Historical,485.0546633356366,485.0546633356366,0.0,0.0,0.5,242.5273316678183
Historical,171.0859835160851,171.0859835160851,0.0,0.0,0.5,85.54299175804255
Historical,485.8784537318511,485.8784537318511,0.0,0.0,0.5,242.93922686592555
Historical,294.7328864777875,294.7328864777875,0.0,0.0,0.5,147.36644323889374
Historical,392.83872040801793,392.83872040801793,0.0,0.0,0.5,196.41936020400897
Historical,456.1809467866996,456.1809467866996,0.0,0.0,0.5,228.0904733933498
Historical,502.5293207873478,502.5293207873478,0.0,0.0,0.5,251.2646603936739
Historical,244.21766165291973,244.21766165291973,0.0,0.0,0.5,122.10883082645987
Historical,634.7265312250814,634.7265312250814,0.0,0.0,0.5,317.3632656125407
Historical,345.40676830595487,345.40676830595487,0.0,0.0,0.5,172.70338415297743
Historical,151.15212964816465,151.15212964816465,0.0,0.0,0.5,75.57606482408232
Historical,530.7599938912294,530.7599938912294,0.0,0.0,0.5,265.3799969456147
Historical,482.85016419959805,482.85016419959805,0.0,0.0,0.5,241.42508209979903
Historical,355.9595074862448,355.9595074862448,0.0,0.0,0.5,177.9797537431224
Historical,303.9609626071891,303.9609626071891,0.0,0.0,0.5,151.98048130359456
Historical,514.8771742414517,514.8771742414517,0.0,0.0,0.5,257.43858712072586
Historical,361.13235495172165,361.13235495172165,0.0,0.0,0.5,180.56617747586083
Historical,80.26246462184758,80.26246462184758,0.0,0.0,0.5,40.13123231092379
Historical,420.6239113101238,420.6239113101238,0.0,0.0,0.5,210.3119556550619
Historical,520.8926706123274,520.8926706123274,0.0,0.0,0.5,260.4463353061637
Historical,183.07579104191225,183.07579104191225,0.0,0.0,0.5,91.53789552095613
Historical,190.13746358777752,190.13746358777752,0.0,0.0,0.5,95.06873179388876
Historical,522.3021028701461,522.3021028701461,0.0,0.0,0.5,261.15105143507304
Historical,410.6863449474928,410.6863449474928,0.0,0.0,0.5,205.3431724737464
Historical,584.9958711291002,584.9958711291002,0.0,0.0,0.5,292.4979355645501
Historical,301.62262644973293,301.62262644973293,0.0,0.0,0.5,150.81131322486647
Historical,413.5870840445325,413.5870840445325,0.0,0.0,0.5,206.79354202226625
Historical,273.11810461931896,273.11810461931896,0.0,0.0,0.5,136.55905230965948
Historical,247.1745626508575,247.1745626508575,0.0,0.0,0.5,123.58728132542875
Historical,213.44325079724317,213.44325079724317,0.0,0.0,0.5,106.72162539862158
Historical,295.79438015283176,295.79438015283176,0.0,0.0,0.5,147.89719007641588
Historical,145.0698091748401,145.0698091748401,0.0,0.0,0.5,72.53490458742004
Historical,297.0186264188845,297.0186264188845,0.0,0.0,0.5,148.50931320944224
Historical,666.6870291344428,666.6870291344428,0.0,0.0,0.5,333.3435145672214
Historical,449.5456339145253,449.5456339145253,0.0,0.0,0.5,224.77281695726265
Historical,624.9860100296204,624.9860100296204,0.0,0.0,0.5,312.4930050148102
Historical,96.03520851587072,96.03520851587072,0.0,0.0,0.5,48.01760425793536
Historical,637.7593915947267,637.7593915947267,0.0,0.0,0.5,318.87969579736335
Historical,295.5887110300315,295.5887110300315,0.0,0.0,0.5,147.79435551501575
Historical,353.33854512223814,353.33854512223814,0.0,0.0,0.5,176.66927256111907
Historical,62.25429041832141,62.25429041832141,0.0,0.0,0.5,31.127145209160705
Historical,266.0685899337195,266.0685899337195,0.0,0.0,0.5,133.03429496685976
Historical,340.1282671016029,340.1282671016029,0.0,0.0,0.5,170.06413355080144
Historical,443.258155352454,443.258155352454,0.0,0.0,0.5,221.629077676227
Historical,265.05527443495566,265.05527443495566,0.0,0.0,0.5,132.52763721747783
Historical,221.43438547917532,221.43438547917532,0.0,0.0,0.5,110.71719273958766
Historical,393.2308288248255,393.2308288248255,0.0,0.0,0.5,196.61541441241275
Historical,151.58040412487964,151.58040412487964,0.0,0.0,0.5,75.79020206243982
Historical,313.9950046053331,313.9950046053331,0.0,0.0,0.5,156.99750230266656
Historical,366.1515260551269,366.1515260551269,0.0,0.0,0.5,183.07576302756345
Historical,425.97356882411634,425.97356882411634,0.0,0.0,0.5,212.98678441205817
Historical,359.0531279855558,359.0531279855558,0.0,0.0,0.5,179.5265639927779
Historical,260.34417984860374,260.34417984860374,0.0,0.0,0.5,130.17208992430187
Historical,320.30170917475425,320.30170917475425,0.0,0.0,0.5,160.15085458737713
Historical,454.49212153190336,454.49212153190336,0.0,0.0,0.5,227.24606076595168
Historical,45.11502370436019,45.11502370436019,0.0,0.0,0.5,22.557511852180095
Historical,223.6621142931812,223.6621142931812,0.0,0.0,0.5,111.8310571465906
Historical,173.1577542620492,173.1577542620492,0.0,0.0,0.5,86.5788771310246
Historical,592.240499627505,592.240499627505,0.0,0.0,0.5,296.1202498137525
Historical,379.3078104185831,379.3078104185831,0.0,0.0,0.5,189.65390520929154
Historical,360.71117031918743,360.71117031918743,0.0,0.0,0.5,180.35558515959372
Historical,203.49261837786295,203.49261837786295,0.0,0.0,0.5,101.74630918893148
Historical,553.5451307734787,553.5451307734787,0.0,0.0,0.5,276.77256538673936
Historical,283.46644254307614,283.46644254307614,0.0,0.0,0.5,141.73322127153807
Historical,435.14534513079855,435.14534513079855,0.0,0.0,0.5,217.57267256539927
Historical,685.7681264991488,685.7681264991488,0.0,0.0,0.5,342.8840632495744
Historical,630.8608868741742,630.8608868741742,0.0,0.0,0.5,315.4304434370871
Historical,546.1568747653598,546.1568747653598,0.0,0.0,0.5,273.0784373826799
Historical,115.35700254441711,115.35700254441711,0.0,0.0,0.5,57.67850127220856
Historical,404.0498951423794,404.0498951423794,0.0,0.0,0.5,202.0249475711897
Historical,156.03832988580584,156.03832988580584,0.0,0.0,0.5,78.01916494290292
Historical,501.26295506529306,501.26295506529306,0.0,0.0,0.5,250.63147753264653
Historical,562.4369764527329,562.4369764527329,0.0,0.0,0.5,281.21848822636645
Historical,216.8024750869831,216.8024750869831,0.0,0.0,0.5,108.40123754349155
Historical,120.09069016935676,120.09069016935676,0.0,0.0,0.5,60.04534508467838
Historical,221.1576532597614,221.1576532597614,0.0,0.0,0.5,110.5788266298807
Historical,492.7012709061221,492.7012709061221,0.0,0.0,0.5,246.35063545306105
Historical,754.2344800100251,754.2344800100251,0.0,0.0,0.5,377.11724000501255
Historical,211.52772882563164,211.52772882563164,0.0,0.0,0.5,105.76386441281582
Historical,460.75927538572495,460.75927538572495,0.0,0.0,0.5,230.37963769286247
Historical,164.10747354764283,164.10747354764283,0.0,0.0,0.5,82.05373677382141
Historical,213.6962129956236,213.6962129956236,0.0,0.0,0.5,106.8481064978118
Historical,732.9893961300692,732.9893961300692,0.0,0.0,0.5,366.4946980650346
Historical,350.6012026111729,350.6012026111729,0.0,0.0,0.5,175.30060130558644
Historical,192.8798062051633,192.8798062051633,0.0,0.0,0.5,96.43990310258165
Historical,294.11580585015537,294.11580585015537,0.0,0.0,0.5,147.05790292507768
Historical,82.52418774801069,82.52418774801069,0.0,0.0,0.5,41.262093874005345
Historical,386.16906941399594,386.16906941399594,0.0,0.0,0.5,193.08453470699797
Historical,310.9003272621974,310.9003272621974,0.0,0.0,0.5,155.4501636310987
Historical,373.96284065200393,373.96284065200393,0.0,0.0,0.5,186.98142032600197
Historical,221.55110013131713,221.55110013131713,0.0,0.0,0.5,110.77555006565856
Historical,531.1127009643968,531.1127009643968,0.0,0.0,0.5,265.5563504821984
Historical,324.9426389036563,324.9426389036563,0.0,0.0,0.5,162.47131945182815
Historical,493.4068923175674,493.4068923175674,0.0,0.0,0.5,246.7034461587837
Historical,778.6333560141928,778.6333560141928,0.0,0.0,0.5,389.3166780070964
Historical,720.1572085631501,720.1572085631501,0.0,0.0,0.5,360.07860428157505
Historical,38.23523523879646,38.23523523879646,0.0,0.0,0.5,19.11761761939823
Historical,573.5891064527985,573.5891064527985,0.0,0.0,0.5,286.7945532263993
Historical,682.016246966075,682.016246966075,0.0,0.0,0.5,341.0081234830375
Historical,516.4367273015673,516.4367273015673,0.0,0.0,0.5,258.21836365078366
Historical,492.51960241928145,492.51960241928145,0.0,0.0,0.5,246.25980120964073
Historical,49.234784001519046,49.234784001519046,0.0,0.0,0.5,24.617392000759523
Historical,506.6928860981053,506.6928860981053,0.0,0.0,0.5,253.34644304905265
Historical,304.3133394836575,304.3133394836575,0.0,0.0,0.5,152.15666974182875
Historical,111.179341237614,111.179341237614,0.0,0.0,0.5,55.589670618807
Historical,163.21458328772866,163.21458328772866,0.0,0.0,0.5,81.60729164386433
Historical,402.85698948061395,402.85698948061395,0.0,0.0,0.5,201.42849474030697
Historical,289.2351908680133,289.2351908680133,0.0,0.0,0.5,144.61759543400666
Historical,150.53929481479082,150.53929481479082,0.0,0.0,0.5,75.26964740739541
Historical,194.93555934032696,194.93555934032696,0.0,0.0,0.5,97.46777967016348
Historical,674.6485035775572,674.6485035775572,0.0,0.0,0.5,337.3242517887786
Historical,551.5572340398235,551.5572340398235,0.0,0.0,0.5,275.77861701991174
Historical,132.2147645898824,132.2147645898824,0.0,0.0,0.5,66.1073822949412
Historical,70.11182411078714,70.11182411078714,0.0,0.0,0.5,35.05591205539357
Historical,346.2847096470098,346.2847096470098,0.0,0.0,0.5,173.1423548235049
Historical,102.04473025177862,102.04473025177862,0.0,0.0,0.5,51.02236512588931
Historical,494.1401793052489,494.1401793052489,0.0,0.0,0.5,247.07008965262446
Historical,183.658314681842,183.658314681842,0.0,0.0,0.5,91.829157340921
Historical,436.5576476487414,436.5576476487414,0.0,0.0,0.5,218.2788238243707
Historical,31.362081322241885,31.362081322241885,0.0,0.0,0.5,15.681040661120942
Historical,323.4791093139413,323.4791093139413,0.0,0.0,0.5,161.73955465697065
Historical,505.3840569466695,505.3840569466695,0.0,0.0,0.5,252.69202847333474
Historical,320.8576215627125,320.8576215627125,0.0,0.0,0.5,160.42881078135625
Historical,214.5660524456202,214.5660524456202,0.0,0.0,0.5,107.2830262228101
Historical,758.5015334295354,758.5015334295354,0.0,0.0,0.5,379.2507667147677
Historical,665.7295341217325,665.7295341217325,0.0,0.0,0.5,332.86476706086626
Historical,171.06636292972274,171.06636292972274,0.0,0.0,0.5,85.53318146486137
Historical,647.3526381087524,647.3526381087524,0.0,0.0,0.5,323.6763190543762
Historical,608.1282399929386,608.1282399929386,0.0,0.0,0.5,304.0641199964693
Historical,246.92292493661097,246.92292493661097,0.0,0.0,0.5,123.46146246830548
Historical,430.06653050329265,430.06653050329265,0.0,0.0,0.5,215.03326525164633
Historical,396.6387527092545,396.6387527092545,0.0,0.0,0.5,198.31937635462725
Historical,436.0114486061054,436.0114486061054,0.0,0.0,0.5,218.0057243030527
Historical,202.9454568505992,202.9454568505992,0.0,0.0,0.5,101.4727284252996
Historical,731.7816872483901,731.7816872483901,0.0,0.0,0.5,365.89084362419504
Historical,216.05054809363543,216.05054809363543,0.0,0.0,0.5,108.02527404681771
Historical,83.86835620425342,83.86835620425342,0.0,0.0,0.5,41.93417810212671
Historical,572.2420492964254,572.2420492964254,0.0,0.0,0.5,286.1210246482127
Historical,118.8070474355678,118.8070474355678,0.0,0.0,0.5,59.4035237177839
Historical,245.8935711917164,245.8935711917164,0.0,0.0,0.5,122.9467855958582
Historical,387.1117403297744,387.1117403297744,0.0,0.0,0.5,193.5558701648872
Historical,507.9505746530285,507.9505746530285,0.0,0.0,0.5,253.97528732651426
Historical,249.302974601016,249.302974601016,0.0,0.0,0.5,124.651487300508
Historical,45.91711193197189,45.91711193197189,0.0,0.0,0.5,22.958555965985944
Historical,424.6120578300381,424.6120578300381,0.0,0.0,0.5,212.30602891501906
Historical,85.97357530080251,85.97357530080251,0.0,0.0,0.5,42.986787650401254
Historical,328.9669925908357,328.9669925908357,0.0,0.0,0.5,164.48349629541784
Historical,172.62943414987132,172.62943414987132,0.0,0.0,0.5,86.31471707493566
Historical,261.9435328532634,261.9435328532634,0.0,0.0,0.5,130.9717664266317
Historical,199.0416803252397,199.0416803252397,0.0,0.0,0.5,99.52084016261985
Historical,232.28345491474457,232.28345491474457,0.0,0.0,0.5,116.14172745737228
Historical,185.311838106628,185.311838106628,0.0,0.0,0.5,92.655919053314
Historical,153.76143970087224,153.76143970087224,0.0,0.0,0.5,76.88071985043612
Historical,126.4771352873347,126.4771352873347,0.0,0.0,0.5,63.23856764366735
Historical,609.5038276051239,609.5038276051239,0.0,0.0,0.5,304.75191380256194
Historical,287.1624375675698,287.1624375675698,0.0,0.0,0.5,143.5812187837849
Historical,406.32480651562713,406.32480651562713,0.0,0.0,0.5,203.16240325781357
Historical,249.03711265544783,249.03711265544783,0.0,0.0,0.5,124.51855632772391
Historical,620.9016915662245,620.9016915662245,0.0,0.0,0.5,310.45084578311224
Historical,267.0607016773296,267.0607016773296,0.0,0.0,0.5,133.5303508386648
Historical,715.7547930992089,715.7547930992089,0.0,0.0,0.5,357.87739654960444
Historical,430.385487919734,430.385487919734,0.0,0.0,0.5,215.192743959867
Historical,604.273047008686,604.273047008686,0.0,0.0,0.5,302.136523504343
Historical,243.5250631593867,243.5250631593867,0.0,0.0,0.5,121.76253157969334
Historical,176.2144067384048,176.2144067384048,0.0,0.0,0.5,88.1072033692024
Historical,471.4796320940979,471.4796320940979,0.0,0.0,0.5,235.73981604704895
Historical,453.3769493913552,453.3769493913552,0.0,0.0,0.5,226.6884746956776
Historical,251.1073064574406,251.1073064574406,0.0,0.0,0.5,125.5536532287203
Historical,521.8019208244536,521.8019208244536,0.0,0.0,0.5,260.9009604122268
Historical,346.4926515319707,346.4926515319707,0.0,0.0,0.5,173.24632576598535
Historical,234.0714535105622,234.0714535105622,0.0,0.0,0.5,117.0357267552811
Historical,184.02445130071476,184.02445130071476,0.0,0.0,0.5,92.01222565035738
Historical,554.8869659163038,554.8869659163038,0.0,0.0,0.5,277.4434829581519
Historical,192.61977241404605,192.61977241404605,0.0,0.0,0.5,96.30988620702303
Historical,227.796524806166,227.796524806166,0.0,0.0,0.5,113.898262403083
Historical,416.601648993299,416.601648993299,0.0,0.0,0.5,208.3008244966495
Historical,671.7128294096442,671.7128294096442,0.0,0.0,0.5,335.8564147048221
Historical,552.6397714448676,552.6397714448676,0.0,0.0,0.5,276.3198857224338
Historical,321.37240510655704,321.37240510655704,0.0,0.0,0.5,160.68620255327852
Historical,215.4338699200544,215.4338699200544,0.0,0.0,0.5,107.7169349600272
Historical,758.9961232252967,758.9961232252967,0.0,0.0,0.5,379.49806161264837
Historical,694.4247148756359,694.4247148756359,0.0,0.0,0.5,347.21235743781796
Historical,617.3632185255483,617.3632185255483,0.0,0.0,0.5,308.68160926277415
Historical,328.63536897966003,328.63536897966003,0.0,0.0,0.5,164.31768448983001
Historical,376.3000600585162,376.3000600585162,0.0,0.0,0.5,188.1500300292581
Historical,70.20380336705749,70.20380336705749,0.0,0.0,0.5,35.101901683528745
Historical,451.6848649701074,451.6848649701074,0.0,0.0,0.5,225.8424324850537
Historical,301.40392677127403,301.40392677127403,0.0,0.0,0.5,150.70196338563701
Historical,153.39607111804412,153.39607111804412,0.0,0.0,0.5,76.69803555902206
Historical,339.66230419418656,339.66230419418656,0.0,0.0,0.5,169.83115209709328
Historical,733.4425366578176,733.4425366578176,0.0,0.0,0.5,366.7212683289088
Historical,203.8363809804033,203.8363809804033,0.0,0.0,0.5,101.91819049020165
Historical,284.5088586099128,284.5088586099128,0.0,0.0,0.5,142.2544293049564
Historical,492.11345835908634,492.11345835908634,0.0,0.0,0.5,246.05672917954317
Historical,86.19117981050438,86.19117981050438,0.0,0.0,0.5,43.09558990525219
Historical,727.8809447636283,727.8809447636283,0.0,0.0,0.5,363.9404723818142
Historical,158.65264164620277,158.65264164620277,0.0,0.0,0.5,79.32632082310138
Historical,44.52503661261306,44.52503661261306,0.0,0.0,0.5,22.26251830630653
Historical,452.4258268814717,452.4258268814717,0.0,0.0,0.5,226.21291344073586
Historical,152.64047921471024,152.64047921471024,0.0,0.0,0.5,76.32023960735512
Historical,420.2245689053783,420.2245689053783,0.0,0.0,0.5,210.11228445268915
Historical,151.35930066309265,151.35930066309265,0.0,0.0,0.5,75.67965033154633
Historical,242.27196569085137,242.27196569085137,0.0,0.0,0.5,121.13598284542569
Historical,119.0485543701777,119.0485543701777,0.0,0.0,0.5,59.52427718508885
Historical,472.56954081275165,472.56954081275165,0.0,0.0,0.5,236.28477040637583
Historical,334.6493506052282,334.6493506052282,0.0,0.0,0.5,167.3246753026141
Historical,406.08552566041345,406.08552566041345,0.0,0.0,0.5,203.04276283020673
Historical,551.365137615676,551.365137615676,0.0,0.0,0.5,275.682568807838
Historical,534.0181945871103,534.0181945871103,0.0,0.0,0.5,267.00909729355516
Historical,501.2363000548165,501.2363000548165,0.0,0.0,0.5,250.61815002740826
Historical,159.60691863182956,159.60691863182956,0.0,0.0,0.5,79.80345931591478
Historical,359.8010509571677,359.8010509571677,0.0,0.0,0.5,179.90052547858386
Historical,348.6695624527248,348.6695624527248,0.0,0.0,0.5,174.3347812263624
Historical,490.50407597042386,490.50407597042386,0.0,0.0,0.5,245.25203798521193
Historical,485.683239513509,485.683239513509,0.0,0.0,0.5,242.8416197567545
Historical,424.9275101964327,424.9275101964327,0.0,0.0,0.5,212.46375509821635
Historical,40.442890652890384,40.442890652890384,0.0,0.0,0.5,20.221445326445192
Historical,258.424915281181,258.424915281181,0.0,0.0,0.5,129.2124576405905
Historical,511.9293909938059,511.9293909938059,0.0,0.0,0.5,255.96469549690295
Historical,441.74670095471794,441.74670095471794,0.0,0.0,0.5,220.87335047735897
Historical,175.5180543386476,175.5180543386476,0.0,0.0,0.5,87.7590271693238
Historical,658.5834276725151,658.5834276725151,0.0,0.0,0.5,329.29171383625754
Historical,299.2909931126892,299.2909931126892,0.0,0.0,0.5,149.6454965563446
Historical,494.8027992189699,494.8027992189699,0.0,0.0,0.5,247.40139960948494
Historical,223.51901195083735,223.51901195083735,0.0,0.0,0.5,111.75950597541868
Historical,434.57105082121734,434.57105082121734,0.0,0.0,0.5,217.28552541060867
Historical,630.4284012724294,630.4284012724294,0.0,0.0,0.5,315.2142006362147
Historical,445.1254111184949,445.1254111184949,0.0,0.0,0.5,222.56270555924746
Historical,361.98552095653855,361.98552095653855,0.0,0.0,0.5,180.99276047826928
Historical,267.28219711727195,267.28219711727195,0.0,0.0,0.5,133.64109855863597
Historical,518.9547629602604,518.9547629602604,0.0,0.0,0.5,259.4773814801302
Historical,575.4934491747886,575.4934491747886,0.0,0.0,0.5,287.7467245873943
Historical,349.4432162449335,349.4432162449335,0.0,0.0,0.5,174.72160812246676
Historical,279.2349662242834,279.2349662242834,0.0,0.0,0.5,139.6174831121417
Historical,689.7483154802385,689.7483154802385,0.0,0.0,0.5,344.87415774011924
Historical,88.76294359232648,88.76294359232648,0.0,0.0,0.5,44.38147179616324
Historical,621.7963494961118,621.7963494961118,0.0,0.0,0.5,310.8981747480559
Historical,307.621949405299,307.621949405299,0.0,0.0,0.5,153.8109747026495
Historical,172.41053126646165,172.41053126646165,0.0,0.0,0.5,86.20526563323082
Historical,444.2453020895959,444.2453020895959,0.0,0.0,0.5,222.12265104479795
Historical,556.8967118375435,556.8967118375435,0.0,0.0,0.5,278.44835591877177
Historical,355.3245754797394,355.3245754797394,0.0,0.0,0.5,177.6622877398697
Historical,474.99773906008016,474.99773906008016,0.0,0.0,0.5,237.49886953004008
Historical,581.9712306098094,581.9712306098094,0.0,0.0,0.5,290.9856153049047
Historical,663.4393972369916,663.4393972369916,0.0,0.0,0.5,331.7196986184958
Historical,519.469492374694,519.469492374694,0.0,0.0,0.5,259.734746187347
Historical,397.6919501475396,397.6919501475396,0.0,0.0,0.5,198.8459750737698
Historical,388.1122298927073,388.1122298927073,0.0,0.0,0.5,194.05611494635366
Historical,591.1000759572743,591.1000759572743,0.0,0.0,0.5,295.55003797863714
Historical,586.7988633141081,586.7988633141081,0.0,0.0,0.5,293.39943165705404
Historical,648.9097429236178,648.9097429236178,0.0,0.0,0.5,324.4548714618089
Historical,746.3391324597457,746.3391324597457,0.0,0.0,0.5,373.1695662298728
Historical,555.0976877626003,555.0976877626003,0.0,0.0,0.5,277.5488438813002
Historical,417.91314129159,417.91314129159,0.0,0.0,0.5,208.956570645795
Historical,97.80093621671637,97.80093621671637,0.0,0.0,0.5,48.90046810835818
Historical,193.08911199878557,193.08911199878557,0.0,0.0,0.5,96.54455599939278
Historical,492.4640116460618,492.4640116460618,0.0,0.0,0.5,246.2320058230309
Historical,408.81562882076287,408.81562882076287,0.0,0.0,0.5,204.40781441038143
Historical,364.1617948077249,364.1617948077249,0.0,0.0,0.5,182.08089740386245
Historical,228.64349787316,228.64349787316,0.0,0.0,0.5,114.32174893658
Historical,667.9464280068869,667.9464280068869,0.0,0.0,0.5,333.97321400344345
Historical,410.34270896598935,410.34270896598935,0.0,0.0,0.5,205.17135448299467
Historical,710.4192641684332,710.4192641684332,0.0,0.0,0.5,355.2096320842166
Historical,177.20306582722415,177.20306582722415,0.0,0.0,0.5,88.60153291361208
Historical,74.32837977574499,74.32837977574499,0.0,0.0,0.5,37.164189887872496
Historical,392.30276005302534,392.30276005302534,0.0,0.0,0.5,196.15138002651267
Historical,168.61019430479575,168.61019430479575,0.0,0.0,0.5,84.30509715239788
Historical,587.2581373063812,587.2581373063812,0.0,0.0,0.5,293.6290686531906
Historical,563.9803272683639,563.9803272683639,0.0,0.0,0.5,281.99016363418195
Historical,352.3474982568331,352.3474982568331,0.0,0.0,0.5,176.17374912841655
Historical,415.3075369486595,415.3075369486595,0.0,0.0,0.5,207.65376847432975
Historical,204.215843297379,204.215843297379,0.0,0.0,0.5,102.1079216486895
Historical,319.6520700676685,319.6520700676685,0.0,0.0,0.5,159.82603503383424
Historical,362.05333073474793,362.05333073474793,0.0,0.0,0.5,181.02666536737397
Historical,387.4755378090192,387.4755378090192,0.0,0.0,0.5,193.7377689045096
Historical,348.8532987245396,348.8532987245396,0.0,0.0,0.5,174.4266493622698
Historical,732.2985126943609,732.2985126943609,0.0,0.0,0.5,366.1492563471804
Historical,343.6721333865543,343.6721333865543,0.0,0.0,0.5,171.83606669327716
Historical,599.7162532373392,599.7162532373392,0.0,0.0,0.5,299.8581266186696
Historical,484.75453888236336,484.75453888236336,0.0,0.0,0.5,242.37726944118168
Historical,581.1514565564086,581.1514565564086,0.0,0.0,0.5,290.5757282782043
Historical,603.3651642705413,603.3651642705413,0.0,0.0,0.5,301.68258213527065
Historical,369.8546414878244,369.8546414878244,0.0,0.0,0.5,184.9273207439122
Historical,708.8801421484817,708.8801421484817,0.0,0.0,0.5,354.44007107424085
Historical,205.83755050869485,205.83755050869485,0.0,0.0,0.5,102.91877525434742
Historical,684.5607033083106,684.5607033083106,0.0,0.0,0.5,342.2803516541553
Historical,453.2541298779704,453.2541298779704,0.0,0.0,0.5,226.6270649389852
Historical,412.5848379812361,412.5848379812361,0.0,0.0,0.5,206.29241899061805
Historical,440.4442377359072,440.4442377359072,0.0,0.0,0.5,220.2221188679536
Historical,241.64071137767897,241.64071137767897,0.0,0.0,0.5,120.82035568883948
Historical,201.29253189374313,201.29253189374313,0.0,0.0,0.5,100.64626594687157
Historical,220.05114029296504,220.05114029296504,0.0,0.0,0.5,110.02557014648252
Historical,702.9134159653358,702.9134159653358,0.0,0.0,0.5,351.4567079826679
Historical,431.42166025583447,431.42166025583447,0.0,0.0,0.5,215.71083012791723
Historical,466.8626810645626,466.8626810645626,0.0,0.0,0.5,233.4313405322813
Historical,445.1263611668488,445.1263611668488,0.0,0.0,0.5,222.5631805834244
Historical,441.6378571357946,441.6378571357946,0.0,0.0,0.5,220.8189285678973
Historical,669.5210116683382,669.5210116683382,0.0,0.0,0.5,334.7605058341691
Historical,354.3852115042604,354.3852115042604,0.0,0.0,0.5,177.1926057521302
Historical,489.7125242986789,489.7125242986789,0.0,0.0,0.5,244.85626214933944
Historical,222.56858200356248,222.56858200356248,0.0,0.0,0.5,111.28429100178124
Historical,412.2556067980849,412.2556067980849,0.0,0.0,0.5,206.12780339904245
Historical,472.21573527678265,472.21573527678265,0.0,0.0,0.5,236.10786763839133
Historical,179.93988033973832,179.93988033973832,0.0,0.0,0.5,89.96994016986916
Historical,308.9111533232364,308.9111533232364,0.0,0.0,0.5,154.4555766616182
Historical,306.3142432341152,306.3142432341152,0.0,0.0,0.5,153.1571216170576
Historical,224.46487829301583,224.46487829301583,0.0,0.0,0.5,112.23243914650791
Historical,101.07378646994935,101.07378646994935,0.0,0.0,0.5,50.53689323497468
Historical,633.4966221375331,633.4966221375331,0.0,0.0,0.5,316.74831106876655
Historical,62.87509273644356,62.87509273644356,0.0,0.0,0.5,31.43754636822178
Historical,92.03104706108972,92.03104706108972,0.0,0.0,0.5,46.01552353054486
Historical,106.7358926414302,106.7358926414302,0.0,0.0,0.5,53.3679463207151
Historical,560.6703257140985,560.6703257140985,0.0,0.0,0.5,280.3351628570492
Historical,322.9000694955284,322.9000694955284,0.0,0.0,0.5,161.4500347477642
Historical,292.33936093553586,292.33936093553586,0.0,0.0,0.5,146.16968046776793
Historical,242.75171700488073,242.75171700488073,0.0,0.0,0.5,121.37585850244037
Historical,442.7796305981407,442.7796305981407,0.0,0.0,0.5,221.38981529907036
Historical,505.54671645728143,505.54671645728143,0.0,0.0,0.5,252.77335822864072
Historical,474.9171617926677,474.9171617926677,0.0,0.0,0.5,237.45858089633384
Historical,617.434678434942,617.434678434942,0.0,0.0,0.5,308.717339217471
Historical,294.85536994650215,294.85536994650215,0.0,0.0,0.5,147.42768497325108
Historical,717.467322019467,717.467322019467,0.0,0.0,0.5,358.7336610097335
Historical,266.9772170141728,266.9772170141728,0.0,0.0,0.5,133.4886085070864
Historical,383.3711770715268,383.3711770715268,0.0,0.0,0.5,191.6855885357634
Historical,266.4336179135411,266.4336179135411,0.0,0.0,0.5,133.21680895677056
Historical,336.39439243010713,336.39439243010713,0.0,0.0,0.5,168.19719621505357
Historical,764.8593556145701,764.8593556145701,0.0,0.0,0.5,382.42967780728503
Historical,588.6941797749441,588.6941797749441,0.0,0.0,0.5,294.34708988747207
Historical,305.24266766473113,305.24266766473113,0.0,0.0,0.5,152.62133383236556
Historical,256.37380365626416,256.37380365626416,0.0,0.0,0.5,128.18690182813208
Historical,461.0193485856391,461.0193485856391,0.0,0.0,0.5,230.50967429281954
Historical,581.7472844259253,581.7472844259253,0.0,0.0,0.5,290.87364221296264
Historical,472.5465909334413,472.5465909334413,0.0,0.0,0.5,236.27329546672064
Historical,573.4835718398938,573.4835718398938,0.0,0.0,0.5,286.7417859199469
Historical,192.38502219616436,192.38502219616436,0.0,0.0,0.5,96.19251109808218
Historical,744.0359811402852,744.0359811402852,0.0,0.0,0.5,372.0179905701426
Historical,412.25746306035046,412.25746306035046,0.0,0.0,0.5,206.12873153017523
Historical,189.5605649707772,189.5605649707772,0.0,0.0,0.5,94.7802824853886
Historical,357.0434721850994,357.0434721850994,0.0,0.0,0.5,178.5217360925497
Historical,417.1740953777763,417.1740953777763,0.0,0.0,0.5,208.58704768888816
Historical,314.84471031916905,314.84471031916905,0.0,0.0,0.5,157.42235515958453
Historical,629.9546011362719,629.9546011362719,0.0,0.0,0.5,314.97730056813595
Historical,473.5617540035448,473.5617540035448,0.0,0.0,0.5,236.7808770017724
Historical,317.88095784682014,317.88095784682014,0.0,0.0,0.5,158.94047892341007
Historical,132.49921949173307,132.49921949173307,0.0,0.0,0.5,66.24960974586654
Historical,430.78585097815426,430.78585097815426,0.0,0.0,0.5,215.39292548907713
Historical,350.2265835541767,350.2265835541767,0.0,0.0,0.5,175.11329177708836
Historical,466.42747932165264,466.42747932165264,0.0,0.0,0.5,233.21373966082632
Historical,651.7303890276737,651.7303890276737,0.0,0.0,0.5,325.86519451383685
Historical,266.34807324582846,266.34807324582846,0.0,0.0,0.5,133.17403662291423
Historical,266.38537677090085,266.38537677090085,0.0,0.0,0.5,133.19268838545042
Historical,303.803226426852,303.803226426852,0.0,0.0,0.5,151.901613213426
Historical,461.9661913503604,461.9661913503604,0.0,0.0,0.5,230.9830956751802
Historical,201.0575405594342,201.0575405594342,0.0,0.0,0.5,100.5287702797171
Historical,94.21444738997974,94.21444738997974,0.0,0.0,0.5,47.10722369498987
Historical,546.8574476673242,546.8574476673242,0.0,0.0,0.5,273.4287238336621
Historical,292.74683013160404,292.74683013160404,0.0,0.0,0.5,146.37341506580202
Historical,150.90603765991335,150.90603765991335,0.0,0.0,0.5,75.45301882995668
Historical,534.90663340905,534.90663340905,0.0,0.0,0.5,267.453316704525
Historical,315.2654030422818,315.2654030422818,0.0,0.0,0.5,157.6327015211409
Historical,601.2360266422271,601.2360266422271,0.0,0.0,0.5,300.61801332111355
Historical,701.4695729515377,701.4695729515377,0.0,0.0,0.5,350.73478647576883
Historical,392.0078846224547,392.0078846224547,0.0,0.0,0.5,196.00394231122735
Historical,331.8375249153692,331.8375249153692,0.0,0.0,0.5,165.9187624576846
Historical,307.5259290756184,307.5259290756184,0.0,0.0,0.5,153.7629645378092
Historical,68.27174499943663,68.27174499943663,0.0,0.0,0.5,34.13587249971832
Historical,765.4397485645513,765.4397485645513,0.0,0.0,0.5,382.71987428227567
Historical,168.36628924698925,168.36628924698925,0.0,0.0,0.5,84.18314462349463
Historical,351.77361896852636,351.77361896852636,0.0,0.0,0.5,175.88680948426318
Historical,363.3457529659053,363.3457529659053,0.0,0.0,0.5,181.67287648295266
Historical,201.7146762833217,201.7146762833217,0.0,0.0,0.5,100.85733814166085
Historical,121.43999901863724,121.43999901863724,0.0,0.0,0.5,60.71999950931862
Historical,598.7750233051204,598.7750233051204,0.0,0.0,0.5,299.3875116525602
Historical,371.1242881043308,371.1242881043308,0.0,0.0,0.5,185.5621440521654
Historical,173.66696747925593,173.66696747925593,0.0,0.0,0.5,86.83348373962797
Historical,538.5185280064754,538.5185280064754,0.0,0.0,0.5,269.2592640032377
Historical,281.9625670059949,281.9625670059949,0.0,0.0,0.5,140.98128350299746
Historical,258.01445968829404,258.01445968829404,0.0,0.0,0.5,129.00722984414702
Historical,476.20199615360343,476.20199615360343,0.0,0.0,0.5,238.10099807680172
Historical,124.64550323605349,124.64550323605349,0.0,0.0,0.5,62.32275161802674
Historical,111.11271494112724,111.11271494112724,0.0,0.0,0.5,55.55635747056362
Historical,421.8171879075184,421.8171879075184,0.0,0.0,0.5,210.9085939537592
Historical,134.0510144913575,134.0510144913575,0.0,0.0,0.5,67.02550724567875
Historical,132.4032477391118,132.4032477391118,0.0,0.0,0.5,66.2016238695559
Historical,547.9814624298182,547.9814624298182,0.0,0.0,0.5,273.9907312149091
Historical,281.96824577029594,281.96824577029594,0.0,0.0,0.5,140.98412288514797
Historical,182.46632143825187,182.46632143825187,0.0,0.0,0.5,91.23316071912593
Historical,313.7742265682814,313.7742265682814,0.0,0.0,0.5,156.8871132841407
Historical,422.8866610257602,422.8866610257602,0.0,0.0,0.5,211.4433305128801
Historical,529.6967147126813,529.6967147126813,0.0,0.0,0.5,264.84835735634067
Historical,25.993449448411635,25.993449448411635,0.0,0.0,0.5,12.996724724205817
Historical,351.5699575243088,351.5699575243088,0.0,0.0,0.5,175.7849787621544
Historical,154.68715967826247,154.68715967826247,0.0,0.0,0.5,77.34357983913124
Historical,106.59208227583191,106.59208227583191,0.0,0.0,0.5,53.29604113791596
Historical,132.1665679180113,132.1665679180113,0.0,0.0,0.5,66.08328395900566
Historical,76.224961221763,76.224961221763,0.0,0.0,0.5,38.1124806108815
Historical,598.9400399823005,598.9400399823005,0.0,0.0,0.5,299.47001999115025
Historical,563.1508995670627,563.1508995670627,0.0,0.0,0.5,281.5754497835313
Historical,310.1546162756803,310.1546162756803,0.0,0.0,0.5,155.07730813784016
Historical,145.13756861567325,145.13756861567325,0.0,0.0,0.5,72.56878430783662
Historical,323.5576857599395,323.5576857599395,0.0,0.0,0.5,161.77884287996974
Historical,31.565676162125193,31.565676162125193,0.0,0.0,0.5,15.782838081062597
Historical,144.46263762346956,144.46263762346956,0.0,0.0,0.5,72.23131881173478
Historical,252.49304710208096,252.49304710208096,0.0,0.0,0.5,126.24652355104048
Historical,146.51277441611944,146.51277441611944,0.0,0.0,0.5,73.25638720805972
Historical,501.801349985356,501.801349985356,0.0,0.0,0.5,250.900674992678
Historical,610.7325514755008,610.7325514755008,0.0,0.0,0.5,305.3662757377504
Historical,194.2623993646843,194.2623993646843,0.0,0.0,0.5,97.13119968234216
Historical,318.2101259853132,318.2101259853132,0.0,0.0,0.5,159.1050629926566
Historical,512.6251102173163,512.6251102173163,0.0,0.0,0.5,256.31255510865816
Historical,555.8919187631545,555.8919187631545,0.0,0.0,0.5,277.94595938157727
Historical,242.15886076969633,242.15886076969633,0.0,0.0,0.5,121.07943038484817
Historical,41.40499127744981,41.40499127744981,0.0,0.0,0.5,20.702495638724905
Historical,180.88655372559683,180.88655372559683,0.0,0.0,0.5,90.44327686279841
Historical,537.8971058809161,537.8971058809161,0.0,0.0,0.5,268.94855294045806
Historical,556.6629286327259,556.6629286327259,0.0,0.0,0.5,278.33146431636294
Historical,158.5563431447304,158.5563431447304,0.0,0.0,0.5,79.2781715723652
Historical,59.4454065021933,59.4454065021933,0.0,0.0,0.5,29.72270325109665
Historical,334.1449975015087,334.1449975015087,0.0,0.0,0.5,167.07249875075436
Historical,443.7750198288772,443.7750198288772,0.0,0.0,0.5,221.8875099144386
Historical,145.24203735141535,145.24203735141535,0.0,0.0,0.5,72.62101867570767
Historical,210.6317666138125,210.6317666138125,0.0,0.0,0.5,105.31588330690624
Historical,152.22919256822726,152.22919256822726,0.0,0.0,0.5,76.11459628411363
Historical,612.446726848697,612.446726848697,0.0,0.0,0.5,306.2233634243485
Historical,250.28588237277452,250.28588237277452,0.0,0.0,0.5,125.14294118638726
Historical,309.08254473187293,309.08254473187293,0.0,0.0,0.5,154.54127236593646
Historical,94.1609176991503,94.1609176991503,0.0,0.0,0.5,47.08045884957515
Historical,243.93730652889337,243.93730652889337,0.0,0.0,0.5,121.96865326444669
Historical,331.19305388667465,331.19305388667465,0.0,0.0,0.5,165.59652694333732
Historical,595.2312211886215,595.2312211886215,0.0,0.0,0.5,297.61561059431074
Historical,465.962681649944,465.962681649944,0.0,0.0,0.5,232.981340824972
Historical,104.75201005936664,104.75201005936664,0.0,0.0,0.5,52.37600502968332
Historical,784.0551260339382,784.0551260339382,0.0,0.0,0.5,392.0275630169691
Historical,382.9299378688001,382.9299378688001,0.0,0.0,0.5,191.46496893440005
Historical,319.2967130915861,319.2967130915861,0.0,0.0,0.5,159.64835654579306
Historical,640.1373391067773,640.1373391067773,0.0,0.0,0.5,320.06866955338864
Historical,243.49338538510452,243.49338538510452,0.0,0.0,0.5,121.74669269255226
Historical,135.005874109167,135.005874109167,0.0,0.0,0.5,67.5029370545835
Historical,392.9639432866157,392.9639432866157,0.0,0.0,0.5,196.48197164330784
Historical,617.2885000560723,617.2885000560723,0.0,0.0,0.5,308.64425002803614
Historical,310.7883994951958,310.7883994951958,0.0,0.0,0.5,155.3941997475979
Historical,770.0708908209459,770.0708908209459,0.0,0.0,0.5,385.03544541047296
Historical,373.50470759834695,373.50470759834695,0.0,0.0,0.5,186.75235379917348
Historical,814.4195559447121,814.4195559447121,0.0,0.0,0.5,407.20977797235605
Historical,473.34669329802574,473.34669329802574,0.0,0.0,0.5,236.67334664901287
Historical,266.76777889406367,266.76777889406367,0.0,0.0,0.5,133.38388944703183
Historical,369.36165888010754,369.36165888010754,0.0,0.0,0.5,184.68082944005377
Historical,111.72394123957052,111.72394123957052,0.0,0.0,0.5,55.86197061978526
Historical,429.94835612457183,429.94835612457183,0.0,0.0,0.5,214.97417806228592
Historical,414.77830030238334,414.77830030238334,0.0,0.0,0.5,207.38915015119167
Historical,227.1825700126456,227.1825700126456,0.0,0.0,0.5,113.5912850063228
Historical,247.44200182010417,247.44200182010417,0.0,0.0,0.5,123.72100091005208
Historical,213.8232968736634,213.8232968736634,0.0,0.0,0.5,106.9116484368317
Historical,652.5878909594384,652.5878909594384,0.0,0.0,0.5,326.2939454797192
Historical,289.6463054085282,289.6463054085282,0.0,0.0,0.5,144.8231527042641
Historical,123.762469326047,123.762469326047,0.0,0.0,0.5,61.8812346630235
Historical,292.5906288976858,292.5906288976858,0.0,0.0,0.5,146.2953144488429
Historical,440.93951077757487,440.93951077757487,0.0,0.0,0.5,220.46975538878743
Historical,298.3226183929867,298.3226183929867,0.0,0.0,0.5,149.16130919649336
Historical,629.2044295696749,629.2044295696749,0.0,0.0,0.5,314.60221478483743
Historical,441.99619244539696,441.99619244539696,0.0,0.0,0.5,220.99809622269848
Historical,691.5012905566776,691.5012905566776,0.0,0.0,0.5,345.7506452783388
Historical,106.94859059241988,106.94859059241988,0.0,0.0,0.5,53.47429529620994
Historical,561.4385219871201,561.4385219871201,0.0,0.0,0.5,280.71926099356006
Historical,328.45835687553256,328.45835687553256,0.0,0.0,0.5,164.22917843776628
Historical,133.38738314122594,133.38738314122594,0.0,0.0,0.5,66.69369157061297
Historical,114.6992021313152,114.6992021313152,0.0,0.0,0.5,57.3496010656576
Historical,237.14338896943255,237.14338896943255,0.0,0.0,0.5,118.57169448471628
Historical,157.10657171647188,157.10657171647188,0.0,0.0,0.5,78.55328585823594
Historical,431.251597706785,431.251597706785,0.0,0.0,0.5,215.6257988533925
Historical,585.8075881778408,585.8075881778408,0.0,0.0,0.5,292.9037940889204
Historical,647.204374917644,647.204374917644,0.0,0.0,0.5,323.602187458822
Historical,559.578839787104,559.578839787104,0.0,0.0,0.5,279.789419893552
Historical,173.1505322724627,173.1505322724627,0.0,0.0,0.5,86.57526613623135
Historical,198.17046750812375,198.17046750812375,0.0,0.0,0.5,99.08523375406187
Historical,192.7088692483722,192.7088692483722,0.0,0.0,0.5,96.3544346241861
Historical,165.0758241756551,165.0758241756551,0.0,0.0,0.5,82.53791208782755
Historical,379.4680328899806,379.4680328899806,0.0,0.0,0.5,189.7340164449903
Historical,461.10955384851616,461.10955384851616,0.0,0.0,0.5,230.55477692425808
Historical,234.5672445982206,234.5672445982206,0.0,0.0,0.5,117.2836222991103
Historical,540.0620306756346,540.0620306756346,0.0,0.0,0.5,270.0310153378173
Historical,318.84150331304255,318.84150331304255,0.0,0.0,0.5,159.42075165652128
Historical,196.31514152174805,196.31514152174805,0.0,0.0,0.5,98.15757076087402
Historical,622.4914304114809,622.4914304114809,0.0,0.0,0.5,311.24571520574045
Historical,349.6745279402746,349.6745279402746,0.0,0.0,0.5,174.8372639701373
Historical,206.1473318707726,206.1473318707726,0.0,0.0,0.5,103.0736659353863
Historical,635.9330544824535,635.9330544824535,0.0,0.0,0.5,317.96652724122674
Historical,251.1121418065252,251.1121418065252,0.0,0.0,0.5,125.5560709032626
Historical,324.098767437868,324.098767437868,0.0,0.0,0.5,162.049383718934
Historical,425.4887347951667,425.4887347951667,0.0,0.0,0.5,212.74436739758335
Historical,470.2690237026412,470.2690237026412,0.0,0.0,0.5,235.1345118513206
Historical,398.051725971793,398.051725971793,0.0,0.0,0.5,199.0258629858965
Historical,564.9317250247195,564.9317250247195,0.0,0.0,0.5,282.46586251235976
Historical,238.31899146487595,238.31899146487595,0.0,0.0,0.5,119.15949573243797
Historical,184.95522562926732,184.95522562926732,0.0,0.0,0.5,92.47761281463366
Historical,624.305615960136,624.305615960136,0.0,0.0,0.5,312.152807980068
Historical,389.3845083155804,389.3845083155804,0.0,0.0,0.5,194.6922541577902
Historical,574.8939389332888,574.8939389332888,0.0,0.0,0.5,287.4469694666444
Historical,517.9444619823878,517.9444619823878,0.0,0.0,0.5,258.9722309911939
Historical,527.1792011771714,527.1792011771714,0.0,0.0,0.5,263.5896005885857
Historical,201.49683080394215,201.49683080394215,0.0,0.0,0.5,100.74841540197107
Historical,627.0167510146084,627.0167510146084,0.0,0.0,0.5,313.5083755073042
Historical,218.6251778894482,218.6251778894482,0.0,0.0,0.5,109.3125889447241
Historical,654.676536309137,654.676536309137,0.0,0.0,0.5,327.3382681545685
Historical,293.5602166445157,293.5602166445157,0.0,0.0,0.5,146.78010832225786
Historical,421.98526198279467,421.98526198279467,0.0,0.0,0.5,210.99263099139733
Historical,553.7408048680613,553.7408048680613,0.0,0.0,0.5,276.87040243403067
Historical,330.62430999065225,330.62430999065225,0.0,0.0,0.5,165.31215499532613
Historical,261.4451502998812,261.4451502998812,0.0,0.0,0.5,130.7225751499406
Historical,520.0637873298249,520.0637873298249,0.0,0.0,0.5,260.03189366491245
Historical,117.63327810103034,117.63327810103034,0.0,0.0,0.5,58.81663905051517
Historical,493.0149508584995,493.0149508584995,0.0,0.0,0.5,246.50747542924975
Historical,203.11329573964892,203.11329573964892,0.0,0.0,0.5,101.55664786982446
Historical,421.7762985074602,421.7762985074602,0.0,0.0,0.5,210.8881492537301
Historical,305.00888586073415,305.00888586073415,0.0,0.0,0.5,152.50444293036708
Historical,317.77188818101894,317.77188818101894,0.0,0.0,0.5,158.88594409050947
Historical,364.9140560714328,364.9140560714328,0.0,0.0,0.5,182.4570280357164
Historical,398.3194964103068,398.3194964103068,0.0,0.0,0.5,199.1597482051534
Historical,461.30601206640824,461.30601206640824,0.0,0.0,0.5,230.65300603320412
Historical,358.2348071386952,358.2348071386952,0.0,0.0,0.5,179.1174035693476
Historical,224.30710676256516,224.30710676256516,0.0,0.0,0.5,112.15355338128258
Historical,558.3815496134125,558.3815496134125,0.0,0.0,0.5,279.19077480670626
Historical,660.4425622593634,660.4425622593634,0.0,0.0,0.5,330.2212811296817
Historical,537.4486716625657,537.4486716625657,0.0,0.0,0.5,268.7243358312829
Historical,480.104370355134,480.104370355134,0.0,0.0,0.5,240.052185177567
Historical,162.28310451017555,162.28310451017555,0.0,0.0,0.5,81.14155225508777
Historical,638.0445145215127,638.0445145215127,0.0,0.0,0.5,319.02225726075636
Historical,420.1110979571745,420.1110979571745,0.0,0.0,0.5,210.05554897858724
Historical,124.49060049402551,124.49060049402551,0.0,0.0,0.5,62.24530024701276
Historical,235.27811761739352,235.27811761739352,0.0,0.0,0.5,117.63905880869676
Historical,127.33149010162909,127.33149010162909,0.0,0.0,0.5,63.66574505081454
Historical,391.0269903920518,391.0269903920518,0.0,0.0,0.5,195.5134951960259
Historical,319.54301971048153,319.54301971048153,0.0,0.0,0.5,159.77150985524077
Historical,380.2853707615285,380.2853707615285,0.0,0.0,0.5,190.14268538076425
Historical,179.62342246641472,179.62342246641472,0.0,0.0,0.5,89.81171123320736
Historical,452.112640122952,452.112640122952,0.0,0.0,0.5,226.056320061476
Historical,565.6691466337952,565.6691466337952,0.0,0.0,0.5,282.8345733168976
Historical,402.15587758232147,402.15587758232147,0.0,0.0,0.5,201.07793879116073
Historical,689.8421599513094,689.8421599513094,0.0,0.0,0.5,344.9210799756547
Historical,307.64692809302676,307.64692809302676,0.0,0.0,0.5,153.82346404651338
Historical,186.5262770863605,186.5262770863605,0.0,0.0,0.5,93.26313854318025
Historical,91.06777716361007,91.06777716361007,0.0,0.0,0.5,45.53388858180504
Historical,143.8549860520897,143.8549860520897,0.0,0.0,0.5,71.92749302604486
Historical,553.837359075948,553.837359075948,0.0,0.0,0.5,276.918679537974
Historical,336.56848365859423,336.56848365859423,0.0,0.0,0.5,168.28424182929712
Historical,95.02020685904614,95.02020685904614,0.0,0.0,0.5,47.51010342952307
Historical,575.0117219060105,575.0117219060105,0.0,0.0,0.5,287.50586095300525
Historical,264.675747588135,264.675747588135,0.0,0.0,0.5,132.3378737940675
Historical,185.61792391524813,185.61792391524813,0.0,0.0,0.5,92.80896195762406
Historical,251.1556502722435,251.1556502722435,0.0,0.0,0.5,125.57782513612175
Historical,299.689056274687,299.689056274687,0.0,0.0,0.5,149.8445281373435
Historical,92.65681121424488,92.65681121424488,0.0,0.0,0.5,46.32840560712244
Historical,332.2293764400841,332.2293764400841,0.0,0.0,0.5,166.11468822004204
Historical,184.11208970364285,184.11208970364285,0.0,0.0,0.5,92.05604485182143
Historical,124.5817744544144,124.5817744544144,0.0,0.0,0.5,62.2908872272072
Historical,60.98181721983856,60.98181721983856,0.0,0.0,0.5,30.49090860991928
Historical,35.88598786056829,35.88598786056829,0.0,0.0,0.5,17.942993930284146
Historical,132.12301879164062,132.12301879164062,0.0,0.0,0.5,66.06150939582031
Historical,561.5796822292014,561.5796822292014,0.0,0.0,0.5,280.7898411146007
Historical,546.3787898746884,546.3787898746884,0.0,0.0,0.5,273.1893949373442
Historical,147.4597413359118,147.4597413359118,0.0,0.0,0.5,73.7298706679559
Historical,668.8922140357987,668.8922140357987,0.0,0.0,0.5,334.44610701789935
Historical,62.06928479024478,62.06928479024478,0.0,0.0,0.5,31.03464239512239
Historical,477.7411361723483,477.7411361723483,0.0,0.0,0.5,238.87056808617416
Historical,411.0057654245888,411.0057654245888,0.0,0.0,0.5,205.5028827122944
Historical,650.2985711974341,650.2985711974341,0.0,0.0,0.5,325.14928559871703
Historical,243.22861759627588,243.22861759627588,0.0,0.0,0.5,121.61430879813794
Historical,680.9330686248741,680.9330686248741,0.0,0.0,0.5,340.46653431243703
Historical,432.30725774113824,432.30725774113824,0.0,0.0,0.5,216.15362887056912
Historical,720.729944900258,720.729944900258,0.0,0.0,0.5,360.364972450129
Historical,510.4543750320455,510.4543750320455,0.0,0.0,0.5,255.22718751602275
Historical,522.7974318549136,522.7974318549136,0.0,0.0,0.5,261.3987159274568
Historical,432.16279228896633,432.16279228896633,0.0,0.0,0.5,216.08139614448316
Historical,382.4570671338528,382.4570671338528,0.0,0.0,0.5,191.2285335669264
Historical,351.43931589566165,351.43931589566165,0.0,0.0,0.5,175.71965794783083
Historical,510.19578633034166,510.19578633034166,0.0,0.0,0.5,255.09789316517083
Historical,313.92644056486665,313.92644056486665,0.0,0.0,0.5,156.96322028243333
Historical,372.2298219510593,372.2298219510593,0.0,0.0,0.5,186.11491097552965
Historical,314.46800852423786,314.46800852423786,0.0,0.0,0.5,157.23400426211893
Historical,491.5779538643877,491.5779538643877,0.0,0.0,0.5,245.78897693219386
Historical,527.1558943563921,527.1558943563921,0.0,0.0,0.5,263.57794717819604
Historical,432.849396942834,432.849396942834,0.0,0.0,0.5,216.424698471417
Historical,544.6027807887253,544.6027807887253,0.0,0.0,0.5,272.30139039436267
Historical,470.18271352951473,470.18271352951473,0.0,0.0,0.5,235.09135676475736
Historical,53.5391040086766,53.5391040086766,0.0,0.0,0.5,26.7695520043383
Historical,352.0685727015968,352.0685727015968,0.0,0.0,0.5,176.0342863507984
Historical,396.3698341114785,396.3698341114785,0.0,0.0,0.5,198.18491705573925
Historical,367.7829980600229,367.7829980600229,0.0,0.0,0.5,183.89149903001146
Historical,352.9356730761453,352.9356730761453,0.0,0.0,0.5,176.46783653807265
Historical,339.1055825696459,339.1055825696459,0.0,0.0,0.5,169.55279128482294
Historical,347.8959667426787,347.8959667426787,0.0,0.0,0.5,173.94798337133935
Historical,469.2509135918648,469.2509135918648,0.0,0.0,0.5,234.6254567959324
Historical,213.8430201203033,213.8430201203033,0.0,0.0,0.5,106.92151006015165
Historical,567.5392184514062,567.5392184514062,0.0,0.0,0.5,283.7696092257031
Historical,492.179013222281,492.179013222281,0.0,0.0,0.5,246.0895066111405
Historical,173.88747446193491,173.88747446193491,0.0,0.0,0.5,86.94373723096746
Historical,418.10682439062094,418.10682439062094,0.0,0.0,0.5,209.05341219531047
Historical,658.3040013013618,658.3040013013618,0.0,0.0,0.5,329.1520006506809
Historical,764.5953413909641,764.5953413909641,0.0,0.0,0.5,382.29767069548205
Historical,384.2092919756728,384.2092919756728,0.0,0.0,0.5,192.1046459878364
Historical,404.6018875393623,404.6018875393623,0.0,0.0,0.5,202.30094376968114
Historical,446.81702579708536,446.81702579708536,0.0,0.0,0.5,223.40851289854268
Historical,158.1067231747087,158.1067231747087,0.0,0.0,0.5,79.05336158735435
Historical,284.2362895344896,284.2362895344896,0.0,0.0,0.5,142.1181447672448
Historical,591.2989763287625,591.2989763287625,0.0,0.0,0.5,295.64948816438124
Historical,36.00027803358747,36.00027803358747,0.0,0.0,0.5,18.000139016793735
Historical,581.1370845965885,581.1370845965885,0.0,0.0,0.5,290.56854229829423
Historical,588.1367698544636,588.1367698544636,0.0,0.0,0.5,294.0683849272318
Historical,400.2673330229722,400.2673330229722,0.0,0.0,0.5,200.1336665114861
Historical,575.4102708388258,575.4102708388258,0.0,0.0,0.5,287.7051354194129
Historical,190.9788526811355,190.9788526811355,0.0,0.0,0.5,95.48942634056775
Historical,398.1593839328215,398.1593839328215,0.0,0.0,0.5,199.07969196641076
Historical,770.8733244527833,770.8733244527833,0.0,0.0,0.5,385.43666222639166
Historical,211.0820229741896,211.0820229741896,0.0,0.0,0.5,105.5410114870948
Historical,618.4288567281086,618.4288567281086,0.0,0.0,0.5,309.2144283640543
Historical,739.2271199769044,739.2271199769044,0.0,0.0,0.5,369.6135599884522
Historical,128.7410738814351,128.7410738814351,0.0,0.0,0.5,64.37053694071756
Historical,584.4917299915722,584.4917299915722,0.0,0.0,0.5,292.2458649957861
Historical,328.31398217312767,328.31398217312767,0.0,0.0,0.5,164.15699108656383
Historical,274.68037544392655,274.68037544392655,0.0,0.0,0.5,137.34018772196328
Historical,108.2430435427408,108.2430435427408,0.0,0.0,0.5,54.1215217713704
Historical,181.78093960037765,181.78093960037765,0.0,0.0,0.5,90.89046980018882
Historical,405.317954516569,405.317954516569,0.0,0.0,0.5,202.6589772582845
Historical,775.7916851510323,775.7916851510323,0.0,0.0,0.5,387.89584257551616
Historical,289.1296809487768,289.1296809487768,0.0,0.0,0.5,144.5648404743884
Historical,674.132847635612,674.132847635612,0.0,0.0,0.5,337.066423817806
Historical,479.11995337350106,479.11995337350106,0.0,0.0,0.5,239.55997668675053
Historical,676.4404324115253,676.4404324115253,0.0,0.0,0.5,338.22021620576265
Historical,54.449538186289914,54.449538186289914,0.0,0.0,0.5,27.224769093144957
Historical,267.7404170012178,267.7404170012178,0.0,0.0,0.5,133.8702085006089
Historical,445.4842486108808,445.4842486108808,0.0,0.0,0.5,222.7421243054404
Historical,210.25675967194184,210.25675967194184,0.0,0.0,0.5,105.12837983597092
Historical,603.8458024755097,603.8458024755097,0.0,0.0,0.5,301.92290123775484
Historical,464.9915827255092,464.9915827255092,0.0,0.0,0.5,232.4957913627546
Historical,514.9363491532515,514.9363491532515,0.0,0.0,0.5,257.46817457662576
Historical,450.5387531372676,450.5387531372676,0.0,0.0,0.5,225.2693765686338
Historical,741.3443926126964,741.3443926126964,0.0,0.0,0.5,370.6721963063482
Historical,631.6312970255759,631.6312970255759,0.0,0.0,0.5,315.81564851278796
Historical,71.21364105240121,71.21364105240121,0.0,0.0,0.5,35.60682052620061
Historical,144.60138253530263,144.60138253530263,0.0,0.0,0.5,72.30069126765132
Historical,505.92196882791006,505.92196882791006,0.0,0.0,0.5,252.96098441395503
Historical,726.3339146351499,726.3339146351499,0.0,0.0,0.5,363.16695731757494
Historical,283.41327875852477,283.41327875852477,0.0,0.0,0.5,141.70663937926238
Historical,148.18648820169864,148.18648820169864,0.0,0.0,0.5,74.09324410084932
Historical,158.59209307103367,158.59209307103367,0.0,0.0,0.5,79.29604653551684
Historical,57.89462608061131,57.89462608061131,0.0,0.0,0.5,28.947313040305655
Historical,142.5577269374603,142.5577269374603,0.0,0.0,0.5,71.27886346873015
Historical,359.128113102171,359.128113102171,0.0,0.0,0.5,179.5640565510855
Historical,407.5520587692045,407.5520587692045,0.0,0.0,0.5,203.77602938460225
Historical,487.3991192361553,487.3991192361553,0.0,0.0,0.5,243.69955961807764
Historical,89.61312852216915,89.61312852216915,0.0,0.0,0.5,44.806564261084574
Historical,510.6580782397595,510.6580782397595,0.0,0.0,0.5,255.32903911987975
Historical,171.6271185714875,171.6271185714875,0.0,0.0,0.5,85.81355928574375
Historical,520.5653406452625,520.5653406452625,0.0,0.0,0.5,260.28267032263125
Historical,458.096326804516,458.096326804516,0.0,0.0,0.5,229.048163402258
Historical,530.1491563778454,530.1491563778454,0.0,0.0,0.5,265.0745781889227
Historical,200.2582591219043,200.2582591219043,0.0,0.0,0.5,100.12912956095215
Historical,128.0167601925525,128.0167601925525,0.0,0.0,0.5,64.00838009627626
Historical,836.1164185613576,836.1164185613576,0.0,0.0,0.5,418.0582092806788
Historical,471.08905188849826,471.08905188849826,0.0,0.0,0.5,235.54452594424913
Historical,50.6401755820817,50.6401755820817,0.0,0.0,0.5,25.32008779104085
Historical,263.1611767019543,263.1611767019543,0.0,0.0,0.5,131.58058835097714
Historical,524.1655595085831,524.1655595085831,0.0,0.0,0.5,262.08277975429155
Historical,330.2265438250878,330.2265438250878,0.0,0.0,0.5,165.1132719125439
Historical,212.7407519371268,212.7407519371268,0.0,0.0,0.5,106.3703759685634
Historical,48.928952535474146,48.928952535474146,0.0,0.0,0.5,24.464476267737073
Historical,734.3951190125542,734.3951190125542,0.0,0.0,0.5,367.1975595062771
Historical,281.33950234360725,281.33950234360725,0.0,0.0,0.5,140.66975117180363
Historical,476.28985780068655,476.28985780068655,0.0,0.0,0.5,238.14492890034327
Historical,490.34215832141894,490.34215832141894,0.0,0.0,0.5,245.17107916070947
Historical,363.44477590272385,363.44477590272385,0.0,0.0,0.5,181.72238795136192
Historical,49.83993575677632,49.83993575677632,0.0,0.0,0.5,24.91996787838816
Historical,516.8295590439432,516.8295590439432,0.0,0.0,0.5,258.4147795219716
Historical,262.6864663772181,262.6864663772181,0.0,0.0,0.5,131.34323318860905
Historical,423.5098573724167,423.5098573724167,0.0,0.0,0.5,211.75492868620836
Historical,373.97563575919594,373.97563575919594,0.0,0.0,0.5,186.98781787959797
Historical,184.24294467848267,184.24294467848267,0.0,0.0,0.5,92.12147233924134
Historical,319.11098294212263,319.11098294212263,0.0,0.0,0.5,159.55549147106132
Historical,549.2008068168793,549.2008068168793,0.0,0.0,0.5,274.60040340843966
Historical,427.8571629452071,427.8571629452071,0.0,0.0,0.5,213.92858147260355
Historical,164.316390505398,164.316390505398,0.0,0.0,0.5,82.158195252699
Historical,638.1340201838489,638.1340201838489,0.0,0.0,0.5,319.06701009192443
Historical,131.44358716419623,131.44358716419623,0.0,0.0,0.5,65.72179358209812
Historical,55.6373707994896,55.6373707994896,0.0,0.0,0.5,27.8186853997448
Historical,467.92749485577286,467.92749485577286,0.0,0.0,0.5,233.96374742788643
Historical,120.24719290813758,120.24719290813758,0.0,0.0,0.5,60.12359645406879
Historical,374.65518279544045,374.65518279544045,0.0,0.0,0.5,187.32759139772023
Historical,269.44414015954374,269.44414015954374,0.0,0.0,0.5,134.72207007977187
Historical,685.6696935694298,685.6696935694298,0.0,0.0,0.5,342.8348467847149
Historical,528.0024896243917,528.0024896243917,0.0,0.0,0.5,264.00124481219586
Historical,812.0729938599545,812.0729938599545,0.0,0.0,0.5,406.03649692997726
Historical,118.97305838669006,118.97305838669006,0.0,0.0,0.5,59.48652919334503
Historical,406.5899107855241,406.5899107855241,0.0,0.0,0.5,203.29495539276206
Historical,134.77582951421903,134.77582951421903,0.0,0.0,0.5,67.38791475710951
Historical,343.79851998722387,343.79851998722387,0.0,0.0,0.5,171.89925999361193
Historical,460.28376247761025,460.28376247761025,0.0,0.0,0.5,230.14188123880513
Historical,306.390461217286,306.390461217286,0.0,0.0,0.5,153.195230608643
Historical,251.42113940871516,251.42113940871516,0.0,0.0,0.5,125.71056970435758
Historical,614.63671317069,614.63671317069,0.0,0.0,0.5,307.318356585345
Historical,231.1651667910225,231.1651667910225,0.0,0.0,0.5,115.58258339551125
Historical,117.76366453355408,117.76366453355408,0.0,0.0,0.5,58.88183226677704
Historical,253.4912438007839,253.4912438007839,0.0,0.0,0.5,126.74562190039195
Historical,404.59839918890424,404.59839918890424,0.0,0.0,0.5,202.29919959445212
Historical,135.1772701347079,135.1772701347079,0.0,0.0,0.5,67.58863506735395
Historical,360.8585507409454,360.8585507409454,0.0,0.0,0.5,180.4292753704727
Historical,231.3263184773236,231.3263184773236,0.0,0.0,0.5,115.6631592386618
Historical,286.40929438543196,286.40929438543196,0.0,0.0,0.5,143.20464719271598
Historical,508.7118174567975,508.7118174567975,0.0,0.0,0.5,254.35590872839876
Historical,721.7212691270341,721.7212691270341,0.0,0.0,0.5,360.86063456351707
Historical,552.2693747461685,552.2693747461685,0.0,0.0,0.5,276.13468737308426
Historical,510.62689141008207,510.62689141008207,0.0,0.0,0.5,255.31344570504103
Historical,415.9794524398186,415.9794524398186,0.0,0.0,0.5,207.9897262199093
Historical,660.0597080304599,660.0597080304599,0.0,0.0,0.5,330.02985401522994
Historical,644.0445755475266,644.0445755475266,0.0,0.0,0.5,322.0222877737633
Historical,710.884313751738,710.884313751738,0.0,0.0,0.5,355.442156875869
Historical,478.20015364109577,478.20015364109577,0.0,0.0,0.5,239.10007682054788
Historical,744.4180991800615,744.4180991800615,0.0,0.0,0.5,372.20904959003076
Historical,478.7697584495512,478.7697584495512,0.0,0.0,0.5,239.3848792247756
Historical,104.0560727191975,104.0560727191975,0.0,0.0,0.5,52.02803635959875
Historical,486.18392763702786,486.18392763702786,0.0,0.0,0.5,243.09196381851393
Historical,657.0936874279021,657.0936874279021,0.0,0.0,0.5,328.54684371395103
Historical,96.3007413779792,96.3007413779792,0.0,0.0,0.5,48.1503706889896
Historical,609.9082747031204,609.9082747031204,0.0,0.0,0.5,304.9541373515602
Historical,502.1012063441772,502.1012063441772,0.0,0.0,0.5,251.0506031720886
Historical,465.719058488387,465.719058488387,0.0,0.0,0.5,232.8595292441935
Historical,308.43591786214927,308.43591786214927,0.0,0.0,0.5,154.21795893107463
Historical,806.0212701919081,806.0212701919081,0.0,0.0,0.5,403.01063509595406
Historical,576.9675719994219,576.9675719994219,0.0,0.0,0.5,288.48378599971096
Historical,284.2944207006542,284.2944207006542,0.0,0.0,0.5,142.1472103503271
Historical,478.3662772118347,478.3662772118347,0.0,0.0,0.5,239.18313860591735
Historical,119.4823999754907,119.4823999754907,0.0,0.0,0.5,59.74119998774535
Historical,532.5097779421501,532.5097779421501,0.0,0.0,0.5,266.25488897107505
Historical,291.9008795114952,291.9008795114952,0.0,0.0,0.5,145.9504397557476
Historical,707.8553931548287,707.8553931548287,0.0,0.0,0.5,353.92769657741434
Historical,435.7154538108565,435.7154538108565,0.0,0.0,0.5,217.85772690542825
Historical,504.0841142440527,504.0841142440527,0.0,0.0,0.5,252.04205712202636
Historical,497.3770093020007,497.3770093020007,0.0,0.0,0.5,248.68850465100036
Historical,460.8002858653508,460.8002858653508,0.0,0.0,0.5,230.4001429326754
Historical,272.4960775620536,272.4960775620536,0.0,0.0,0.5,136.2480387810268
Historical,246.9535423209308,246.9535423209308,0.0,0.0,0.5,123.4767711604654
Historical,482.7422075016093,482.7422075016093,0.0,0.0,0.5,241.37110375080465
Historical,205.495759583372,205.495759583372,0.0,0.0,0.5,102.747879791686
Historical,531.6062153403296,531.6062153403296,0.0,0.0,0.5,265.8031076701648
Historical,550.9983736824666,550.9983736824666,0.0,0.0,0.5,275.4991868412333
Historical,396.9586997774456,396.9586997774456,0.0,0.0,0.5,198.4793498887228
Historical,318.2115758092651,318.2115758092651,0.0,0.0,0.5,159.10578790463256
Historical,427.05506120680275,427.05506120680275,0.0,0.0,0.5,213.52753060340137
Historical,448.31285347772814,448.31285347772814,0.0,0.0,0.5,224.15642673886407
Historical,455.4083398759809,455.4083398759809,0.0,0.0,0.5,227.70416993799046
Historical,179.17081970350634,179.17081970350634,0.0,0.0,0.5,89.58540985175317
Historical,104.18588264010208,104.18588264010208,0.0,0.0,0.5,52.09294132005104
Historical,91.67748868757226,91.67748868757226,0.0,0.0,0.5,45.83874434378613
Historical,264.08573637935564,264.08573637935564,0.0,0.0,0.5,132.04286818967782
Historical,424.65693227127065,424.65693227127065,0.0,0.0,0.5,212.32846613563532
Historical,218.9504185416184,218.9504185416184,0.0,0.0,0.5,109.4752092708092
Historical,248.17033364227856,248.17033364227856,0.0,0.0,0.5,124.08516682113928
Historical,422.4367392307234,422.4367392307234,0.0,0.0,0.5,211.2183696153617
Historical,280.5240756909656,280.5240756909656,0.0,0.0,0.5,140.2620378454828
Historical,565.9834811108678,565.9834811108678,0.0,0.0,0.5,282.9917405554339
Historical,828.2131345744126,828.2131345744126,0.0,0.0,0.5,414.1065672872063
Historical,132.84680584297232,132.84680584297232,0.0,0.0,0.5,66.42340292148616
Historical,86.17345483820148,86.17345483820148,0.0,0.0,0.5,43.08672741910074
Historical,545.3868063047398,545.3868063047398,0.0,0.0,0.5,272.6934031523699
Historical,531.0619846358322,531.0619846358322,0.0,0.0,0.5,265.5309923179161
Historical,108.6023564641184,108.6023564641184,0.0,0.0,0.5,54.3011782320592
Historical,462.66304412150464,462.66304412150464,0.0,0.0,0.5,231.33152206075232
Historical,254.9510771161675,254.9510771161675,0.0,0.0,0.5,127.47553855808376
Historical,271.0126649576171,271.0126649576171,0.0,0.0,0.5,135.50633247880856
Historical,424.48842846396354,424.48842846396354,0.0,0.0,0.5,212.24421423198177
Historical,151.77728650517233,151.77728650517233,0.0,0.0,0.5,75.88864325258616
Historical,383.07490640970946,383.07490640970946,0.0,0.0,0.5,191.53745320485473
Historical,97.78450586126137,97.78450586126137,0.0,0.0,0.5,48.89225293063068
Historical,119.59407325541466,119.59407325541466,0.0,0.0,0.5,59.79703662770733
Historical,126.57277068445282,126.57277068445282,0.0,0.0,0.5,63.28638534222641
Historical,829.5343798843528,829.5343798843528,0.0,0.0,0.5,414.7671899421764
Historical,418.815349545453,418.815349545453,0.0,0.0,0.5,209.4076747727265
Historical,233.21310275336953,233.21310275336953,0.0,0.0,0.5,116.60655137668476
Historical,701.141472496938,701.141472496938,0.0,0.0,0.5,350.570736248469
Historical,388.72966746525947,388.72966746525947,0.0,0.0,0.5,194.36483373262973
Historical,528.60807288888,528.60807288888,0.0,0.0,0.5,264.30403644444
Historical,382.03843862699455,382.03843862699455,0.0,0.0,0.5,191.01921931349727
Historical,587.331264277609,587.331264277609,0.0,0.0,0.5,293.6656321388045
Historical,167.7398193291184,167.7398193291184,0.0,0.0,0.5,83.8699096645592
Historical,304.8360144837103,304.8360144837103,0.0,0.0,0.5,152.41800724185515
Historical,354.1540979676975,354.1540979676975,0.0,0.0,0.5,177.07704898384875
Historical,250.4603273046531,250.4603273046531,0.0,0.0,0.5,125.23016365232655
Historical,495.2197782062817,495.2197782062817,0.0,0.0,0.5,247.60988910314086
Historical,301.5483736351267,301.5483736351267,0.0,0.0,0.5,150.77418681756336
Historical,433.03454356764814,433.03454356764814,0.0,0.0,0.5,216.51727178382407
Historical,671.4712089285143,671.4712089285143,0.0,0.0,0.5,335.73560446425716
Historical,49.71329085631081,49.71329085631081,0.0,0.0,0.5,24.856645428155407
Historical,408.12976999912195,408.12976999912195,0.0,0.0,0.5,204.06488499956097
Historical,329.4837131421355,329.4837131421355,0.0,0.0,0.5,164.74185657106776
Historical,383.3178042225475,383.3178042225475,0.0,0.0,0.5,191.65890211127376
Historical,313.06815696851334,313.06815696851334,0.0,0.0,0.5,156.53407848425667
Historical,706.6896358975697,706.6896358975697,0.0,0.0,0.5,353.34481794878485
Historical,142.6153122038585,142.6153122038585,0.0,0.0,0.5,71.30765610192925
Historical,708.8224028092762,708.8224028092762,0.0,0.0,0.5,354.4112014046381
Historical,593.065918046481,593.065918046481,0.0,0.0,0.5,296.5329590232405
Historical,604.3834014812801,604.3834014812801,0.0,0.0,0.5,302.19170074064004
Historical,100.2582627032478,100.2582627032478,0.0,0.0,0.5,50.1291313516239
Historical,685.7612504810801,685.7612504810801,0.0,0.0,0.5,342.88062524054004
Historical,446.41301231617626,446.41301231617626,0.0,0.0,0.5,223.20650615808813
Historical,291.107936848218,291.107936848218,0.0,0.0,0.5,145.553968424109
Historical,193.64239387562827,193.64239387562827,0.0,0.0,0.5,96.82119693781414
Historical,304.52612995371493,304.52612995371493,0.0,0.0,0.5,152.26306497685746
Historical,386.8349332947659,386.8349332947659,0.0,0.0,0.5,193.41746664738295
Historical,230.83258579661484,230.83258579661484,0.0,0.0,0.5,115.41629289830742
Historical,333.9106726820272,333.9106726820272,0.0,0.0,0.5,166.9553363410136
Historical,353.8098038704909,353.8098038704909,0.0,0.0,0.5,176.90490193524545
Historical,293.19813425701705,293.19813425701705,0.0,0.0,0.5,146.59906712850852
Historical,447.0830688438079,447.0830688438079,0.0,0.0,0.5,223.54153442190395
Historical,584.888884974888,584.888884974888,0.0,0.0,0.5,292.444442487444
Historical,488.1872511532145,488.1872511532145,0.0,0.0,0.5,244.09362557660725
Historical,246.7577555097292,246.7577555097292,0.0,0.0,0.5,123.3788777548646
Historical,312.1731588463509,312.1731588463509,0.0,0.0,0.5,156.08657942317544
Historical,576.281119337865,576.281119337865,0.0,0.0,0.5,288.1405596689325
Historical,381.391205400882,381.391205400882,0.0,0.0,0.5,190.695602700441
Historical,543.7702542024564,543.7702542024564,0.0,0.0,0.5,271.8851271012282
Historical,472.5224037960476,472.5224037960476,0.0,0.0,0.5,236.2612018980238
Historical,286.05897011629656,286.05897011629656,0.0,0.0,0.5,143.02948505814828
Historical,88.95619552388446,88.95619552388446,0.0,0.0,0.5,44.47809776194223
Historical,646.9811778631195,646.9811778631195,0.0,0.0,0.5,323.4905889315597
Historical,292.9246564000302,292.9246564000302,0.0,0.0,0.5,146.4623282000151
Historical,395.769846813748,395.769846813748,0.0,0.0,0.5,197.884923406874
Historical,279.6798100890559,279.6798100890559,0.0,0.0,0.5,139.83990504452794
Historical,192.50297743378897,192.50297743378897,0.0,0.0,0.5,96.25148871689449
Historical,351.77029329216225,351.77029329216225,0.0,0.0,0.5,175.88514664608113
Historical,555.4019371049674,555.4019371049674,0.0,0.0,0.5,277.7009685524837
Historical,395.3781570382596,395.3781570382596,0.0,0.0,0.5,197.6890785191298
Historical,261.5103067801241,261.5103067801241,0.0,0.0,0.5,130.75515339006205
Historical,397.5648404411393,397.5648404411393,0.0,0.0,0.5,198.78242022056966
Historical,735.2764383329761,735.2764383329761,0.0,0.0,0.5,367.63821916648806
Historical,289.4570095389695,289.4570095389695,0.0,0.0,0.5,144.72850476948474
Historical,97.6750013649232,97.6750013649232,0.0,0.0,0.5,48.8375006824616
Historical,197.46392160702553,197.46392160702553,0.0,0.0,0.5,98.73196080351276
Historical,762.8822843495781,762.8822843495781,0.0,0.0,0.5,381.44114217478904
Historical,512.44939271165,512.44939271165,0.0,0.0,0.5,256.224696355825
Historical,484.4661863877365,484.4661863877365,0.0,0.0,0.5,242.23309319386826
Historical,353.01840875622844,353.01840875622844,0.0,0.0,0.5,176.50920437811422
Historical,539.7316715337728,539.7316715337728,0.0,0.0,0.5,269.8658357668864
Historical,114.16365482248573,114.16365482248573,0.0,0.0,0.5,57.08182741124286
Historical,521.4080460440558,521.4080460440558,0.0,0.0,0.5,260.7040230220279
Historical,450.3878805106937,450.3878805106937,0.0,0.0,0.5,225.19394025534686
Historical,82.69156896202661,82.69156896202661,0.0,0.0,0.5,41.345784481013304
Historical,34.57409278115731,34.57409278115731,0.0,0.0,0.5,17.287046390578656
Historical,535.1718879088473,535.1718879088473,0.0,0.0,0.5,267.58594395442367
Historical,333.4011668412356,333.4011668412356,0.0,0.0,0.5,166.7005834206178
Historical,179.8388198801664,179.8388198801664,0.0,0.0,0.5,89.9194099400832
Historical,241.9912178461052,241.9912178461052,0.0,0.0,0.5,120.9956089230526
Historical,369.3803924019288,369.3803924019288,0.0,0.0,0.5,184.6901962009644
Historical,704.3001292247022,704.3001292247022,0.0,0.0,0.5,352.1500646123511
Historical,466.9720738288303,466.9720738288303,0.0,0.0,0.5,233.48603691441514
Historical,41.12164471941277,41.12164471941277,0.0,0.0,0.5,20.560822359706385
Historical,404.02979977887577,404.02979977887577,0.0,0.0,0.5,202.01489988943788
Historical,423.75441798529033,423.75441798529033,0.0,0.0,0.5,211.87720899264517
Historical,165.72466245477892,165.72466245477892,0.0,0.0,0.5,82.86233122738946
Historical,578.8213877560842,578.8213877560842,0.0,0.0,0.5,289.4106938780421
Historical,707.4493979183783,707.4493979183783,0.0,0.0,0.5,353.72469895918914
Historical,542.8095730212775,542.8095730212775,0.0,0.0,0.5,271.40478651063876
Historical,513.9900766589533,513.9900766589533,0.0,0.0,0.5,256.99503832947664
Historical,298.3556200090825,298.3556200090825,0.0,0.0,0.5,149.17781000454124
Historical,183.2701656673754,183.2701656673754,0.0,0.0,0.5,91.6350828336877
Historical,468.3069201504469,468.3069201504469,0.0,0.0,0.5,234.15346007522345
Historical,220.4983368386397,220.4983368386397,0.0,0.0,0.5,110.24916841931984
Historical,265.94661511348426,265.94661511348426,0.0,0.0,0.5,132.97330755674213
Historical,311.4894374116108,311.4894374116108,0.0,0.0,0.5,155.7447187058054
Historical,647.8477765247827,647.8477765247827,0.0,0.0,0.5,323.92388826239136
Historical,383.9141419544756,383.9141419544756,0.0,0.0,0.5,191.9570709772378
Historical,557.916185756397,557.916185756397,0.0,0.0,0.5,278.9580928781985
Historical,228.7960083986281,228.7960083986281,0.0,0.0,0.5,114.39800419931404
Historical,237.76862211931405,237.76862211931405,0.0,0.0,0.5,118.88431105965702
Historical,297.0874038526085,297.0874038526085,0.0,0.0,0.5,148.54370192630424
Historical,794.3231511066332,794.3231511066332,0.0,0.0,0.5,397.1615755533166
Historical,563.8497971641384,563.8497971641384,0.0,0.0,0.5,281.9248985820692
Historical,339.2870734791633,339.2870734791633,0.0,0.0,0.5,169.64353673958166
Historical,248.94765537056492,248.94765537056492,0.0,0.0,0.5,124.47382768528246
Historical,279.2686999169939,279.2686999169939,0.0,0.0,0.5,139.63434995849695
Historical,145.04223833476908,145.04223833476908,0.0,0.0,0.5,72.52111916738454
Historical,241.8259564507362,241.8259564507362,0.0,0.0,0.5,120.9129782253681
Historical,430.60985477056624,430.60985477056624,0.0,0.0,0.5,215.30492738528312
Historical,219.99370680056552,219.99370680056552,0.0,0.0,0.5,109.99685340028276
Historical,366.7282586383836,366.7282586383836,0.0,0.0,0.5,183.3641293191918
Historical,356.8814026432877,356.8814026432877,0.0,0.0,0.5,178.44070132164384
Historical,441.4714772887345,441.4714772887345,0.0,0.0,0.5,220.73573864436725
Historical,230.1431447581205,230.1431447581205,0.0,0.0,0.5,115.07157237906026
Historical,158.89198003545,158.89198003545,0.0,0.0,0.5,79.445990017725
Historical,766.9193242115463,766.9193242115463,0.0,0.0,0.5,383.45966210577313
Historical,466.7229822330101,466.7229822330101,0.0,0.0,0.5,233.36149111650505
Historical,233.50662384935427,233.50662384935427,0.0,0.0,0.5,116.75331192467713
Historical,104.1037337805616,104.1037337805616,0.0,0.0,0.5,52.0518668902808
Historical,38.33576819209958,38.33576819209958,0.0,0.0,0.5,19.16788409604979
Historical,761.0167600703148,761.0167600703148,0.0,0.0,0.5,380.5083800351574
Historical,284.8625062809567,284.8625062809567,0.0,0.0,0.5,142.43125314047836
Historical,216.06019585156733,216.06019585156733,0.0,0.0,0.5,108.03009792578366
Historical,39.37370119886104,39.37370119886104,0.0,0.0,0.5,19.68685059943052
Historical,471.7821019342959,471.7821019342959,0.0,0.0,0.5,235.89105096714795
Historical,508.6730024657942,508.6730024657942,0.0,0.0,0.5,254.3365012328971
Historical,95.11851081754354,95.11851081754354,0.0,0.0,0.5,47.55925540877177
Historical,735.1444900755255,735.1444900755255,0.0,0.0,0.5,367.57224503776274
Historical,456.60307303079816,456.60307303079816,0.0,0.0,0.5,228.30153651539908
Historical,122.24187517858556,122.24187517858556,0.0,0.0,0.5,61.12093758929278
Historical,599.8171406236374,599.8171406236374,0.0,0.0,0.5,299.9085703118187
Historical,438.5186068324803,438.5186068324803,0.0,0.0,0.5,219.25930341624016
Historical,516.1330392078827,516.1330392078827,0.0,0.0,0.5,258.06651960394134
Historical,397.4831040703401,397.4831040703401,0.0,0.0,0.5,198.74155203517006
Historical,317.8400260939533,317.8400260939533,0.0,0.0,0.5,158.92001304697666
Historical,330.78364034759613,330.78364034759613,0.0,0.0,0.5,165.39182017379807
Historical,743.3166378180009,743.3166378180009,0.0,0.0,0.5,371.65831890900046
Historical,274.17127731249116,274.17127731249116,0.0,0.0,0.5,137.08563865624558
Historical,462.4075929220183,462.4075929220183,0.0,0.0,0.5,231.20379646100915
Historical,533.0802632142761,533.0802632142761,0.0,0.0,0.5,266.54013160713805
Historical,143.2178421949143,143.2178421949143,0.0,0.0,0.5,71.60892109745716
Historical,574.9456425421428,574.9456425421428,0.0,0.0,0.5,287.4728212710714
Historical,215.74176164066196,215.74176164066196,0.0,0.0,0.5,107.87088082033098
Historical,129.7685299495176,129.7685299495176,0.0,0.0,0.5,64.8842649747588
Historical,321.0007657787772,321.0007657787772,0.0,0.0,0.5,160.5003828893886
Historical,172.59277503910292,172.59277503910292,0.0,0.0,0.5,86.29638751955146
Historical,455.20978516158993,455.20978516158993,0.0,0.0,0.5,227.60489258079497
Historical,199.83974409069756,199.83974409069756,0.0,0.0,0.5,99.91987204534878
Historical,281.0970650985199,281.0970650985199,0.0,0.0,0.5,140.54853254925996
Historical,413.54800185803066,413.54800185803066,0.0,0.0,0.5,206.77400092901533
Historical,134.09432585149492,134.09432585149492,0.0,0.0,0.5,67.04716292574746
Historical,378.50396161301137,378.50396161301137,0.0,0.0,0.5,189.25198080650568
Historical,162.05358553352147,162.05358553352147,0.0,0.0,0.5,81.02679276676074
Historical,513.1161277813304,513.1161277813304,0.0,0.0,0.5,256.5580638906652
Historical,308.6385554813678,308.6385554813678,0.0,0.0,0.5,154.3192777406839
Historical,239.08854651007988,239.08854651007988,0.0,0.0,0.5,119.54427325503994
Historical,562.1650160715976,562.1650160715976,0.0,0.0,0.5,281.0825080357988
Historical,467.0198948894929,467.0198948894929,0.0,0.0,0.5,233.50994744474644
Historical,327.43334173812747,327.43334173812747,0.0,0.0,0.5,163.71667086906373
Historical,332.0936161256213,332.0936161256213,0.0,0.0,0.5,166.04680806281064
Historical,457.0853188522962,457.0853188522962,0.0,0.0,0.5,228.5426594261481
Historical,552.8162271192283,552.8162271192283,0.0,0.0,0.5,276.40811355961415
Historical,281.0521288708149,281.0521288708149,0.0,0.0,0.5,140.52606443540745
Historical,288.3451530321269,288.3451530321269,0.0,0.0,0.5,144.17257651606346
Historical,666.8242060496077,666.8242060496077,0.0,0.0,0.5,333.41210302480386
Historical,436.0192372930386,436.0192372930386,0.0,0.0,0.5,218.0096186465193
Historical,248.22030676592635,248.22030676592635,0.0,0.0,0.5,124.11015338296318
Historical,493.2338839519256,493.2338839519256,0.0,0.0,0.5,246.6169419759628
Historical,291.5110820764234,291.5110820764234,0.0,0.0,0.5,145.7555410382117
Historical,459.0606514814432,459.0606514814432,0.0,0.0,0.5,229.5303257407216
Historical,603.9358824371426,603.9358824371426,0.0,0.0,0.5,301.9679412185713
Historical,502.6040622268877,502.6040622268877,0.0,0.0,0.5,251.30203111344386
Historical,74.78832688768996,74.78832688768996,0.0,0.0,0.5,37.39416344384498
Historical,126.23081147979764,126.23081147979764,0.0,0.0,0.5,63.11540573989882
Historical,319.94237960548924,319.94237960548924,0.0,0.0,0.5,159.97118980274462
Historical,207.61291922267668,207.61291922267668,0.0,0.0,0.5,103.80645961133834
Historical,304.74417790488224,304.74417790488224,0.0,0.0,0.5,152.37208895244112
Historical,481.7658793191911,481.7658793191911,0.0,0.0,0.5,240.88293965959554
Historical,83.3353748167845,83.3353748167845,0.0,0.0,0.5,41.66768740839225
Historical,513.6451022177532,513.6451022177532,0.0,0.0,0.5,256.8225511088766
Historical,561.374877548703,561.374877548703,0.0,0.0,0.5,280.6874387743515
Historical,516.51117285383,516.51117285383,0.0,0.0,0.5,258.255586426915
Historical,666.4286805847338,666.4286805847338,0.0,0.0,0.5,333.2143402923669
Historical,573.2085393656391,573.2085393656391,0.0,0.0,0.5,286.60426968281956
Historical,283.79792515074917,283.79792515074917,0.0,0.0,0.5,141.89896257537458
Historical,66.78323718712389,66.78323718712389,0.0,0.0,0.5,33.391618593561944
Historical,289.2390324634591,289.2390324634591,0.0,0.0,0.5,144.61951623172956
Historical,147.42638660593482,147.42638660593482,0.0,0.0,0.5,73.71319330296741
Historical,552.2304431046015,552.2304431046015,0.0,0.0,0.5,276.11522155230074
Historical,632.5601419476765,632.5601419476765,0.0,0.0,0.5,316.28007097383824
Historical,494.74525748477635,494.74525748477635,0.0,0.0,0.5,247.37262874238817
Historical,118.98653335805044,118.98653335805044,0.0,0.0,0.5,59.49326667902522
Historical,91.38952597435124,91.38952597435124,0.0,0.0,0.5,45.69476298717562
Historical,424.15598670174626,424.15598670174626,0.0,0.0,0.5,212.07799335087313
Historical,157.36483032789283,157.36483032789283,0.0,0.0,0.5,78.68241516394642
Historical,279.09504825213924,279.09504825213924,0.0,0.0,0.5,139.54752412606962
Historical,655.065105532243,655.065105532243,0.0,0.0,0.5,327.5325527661215
